threshold_pct,threshold_float,garbage_detected_count,garbage_detected_pct,flood_cross_detections,flood_cross_pct,pothole_cross_detections,pothole_cross_pct,combined_non_garbage_count,combined_non_garbage_pct
30%,0.3,30,100.0,28,87.5,32,100.0,60,93.8
35%,0.35,30,100.0,26,81.2,30,93.8,56,87.5
40%,0.4,30,100.0,25,78.1,30,93.8,55,85.9
45%,0.45,26,86.7,23,71.9,30,93.8,53,82.8
50%,0.5,24,80.0,22,68.8,27,84.4,49,76.6
55%,0.55,21,70.0,17,53.1,25,78.1,42,65.6
60%,0.6,17,56.7,14,43.8,23,71.9,37,57.8
65%,0.65,16,53.3,11,34.4,21,65.6,32,50.0
70%,0.7,14,46.7,9,28.1,20,62.5,29,45.3
