filename,category,waterCoverage,largestComponentRatio,oldClassification,newClassification,statusChanged
flood 1.jpg,FLOOD,49.59%,99.98%,SIGNIFICANT WATERLOGGING,SIGNIFICANT WATERLOGGING,NO
flood 10.webp,FLOOD,66.42%,100.0%,SIGNIFICANT WATERLOGGING,SIGNIFICANT WATERLOGGING,NO
flood 11.webp,FLOOD,43.28%,99.94%,SIGNIFICANT WATERLOGGING,SIGNIFICANT WATERLOGGING,NO
flood 12.webp,FLOOD,59.25%,99.62%,SIGNIFICANT WATERLOGGING,SIGNIFICANT WATERLOGGING,NO
flood 13.webp,FLOOD,7.39%,75.14%,POSSIBLE WATERLOGGING,POSSIBLE WATERLOGGING,NO
flood 14.webp,FLOOD,27.48%,99.75%,SIGNIFICANT WATERLOGGING,SIGNIFICANT WATERLOGGING,NO
flood 15.jpg,FLOOD,37.83%,100.0%,SIGNIFICANT WATERLOGGING,SIGNIFICANT WATERLOGGING,NO
flood 16.jpg,FLOOD,27.7%,99.91%,SIGNIFICANT WATERLOGGING,SIGNIFICANT WATERLOGGING,NO
flood 17.jpg,FLOOD,48.8%,99.99%,SIGNIFICANT WATERLOGGING,SIGNIFICANT WATERLOGGING,NO
flood 18.jpg,FLOOD,6.21%,99.94%,POSSIBLE WATERLOGGING,POSSIBLE WATERLOGGING,NO
flood 19.jpg,FLOOD,10.46%,53.22%,POSSIBLE WATERLOGGING,POSSIBLE WATERLOGGING,NO
flood 2,FLOOD,53.03%,100.0%,SIGNIFICANT WATERLOGGING,SIGNIFICANT WATERLOGGING,NO
flood 20.webp,FLOOD,56.1%,99.99%,SIGNIFICANT WATERLOGGING,SIGNIFICANT WATERLOGGING,NO
flood 21.webp,FLOOD,34.68%,100.0%,SIGNIFICANT WATERLOGGING,SIGNIFICANT WATERLOGGING,NO
flood 22.webp,FLOOD,61.06%,99.88%,SIGNIFICANT WATERLOGGING,SIGNIFICANT WATERLOGGING,NO
flood 23.webp,FLOOD,2.68%,45.68%,NO SIGNIFICANT WATER,NO SIGNIFICANT WATER,NO
flood 24.webp,FLOOD,51.77%,99.99%,SIGNIFICANT WATERLOGGING,SIGNIFICANT WATERLOGGING,NO
flood 25.webp,FLOOD,54.82%,100.0%,SIGNIFICANT WATERLOGGING,SIGNIFICANT WATERLOGGING,NO
flood 26.webp,FLOOD,32.01%,91.81%,SIGNIFICANT WATERLOGGING,SIGNIFICANT WATERLOGGING,NO
flood 27.webp,FLOOD,2.46%,43.94%,NO SIGNIFICANT WATER,NO SIGNIFICANT WATER,NO
flood 28.webp,FLOOD,47.21%,87.58%,SIGNIFICANT WATERLOGGING,SIGNIFICANT WATERLOGGING,NO
flood 29.webp,FLOOD,21.1%,86.38%,POSSIBLE WATERLOGGING,POSSIBLE WATERLOGGING,NO
flood 3.webp,FLOOD,62.74%,99.73%,SIGNIFICANT WATERLOGGING,SIGNIFICANT WATERLOGGING,NO
flood 30.webp,FLOOD,45.79%,99.1%,SIGNIFICANT WATERLOGGING,SIGNIFICANT WATERLOGGING,NO
flood 4.webp,FLOOD,5.89%,99.99%,POSSIBLE WATERLOGGING,POSSIBLE WATERLOGGING,NO
flood 5.webp,FLOOD,45.01%,99.94%,SIGNIFICANT WATERLOGGING,SIGNIFICANT WATERLOGGING,NO
flood 6.webp,FLOOD,51.17%,99.97%,SIGNIFICANT WATERLOGGING,SIGNIFICANT WATERLOGGING,NO
flood 7.webp,FLOOD,46.83%,100.0%,SIGNIFICANT WATERLOGGING,SIGNIFICANT WATERLOGGING,NO
flood 8.webp,FLOOD,60.73%,100.0%,SIGNIFICANT WATERLOGGING,SIGNIFICANT WATERLOGGING,NO
flood 9.webp,FLOOD,59.07%,100.0%,SIGNIFICANT WATERLOGGING,SIGNIFICANT WATERLOGGING,NO
flood.jpg,FLOOD,39.49%,100.0%,SIGNIFICANT WATERLOGGING,SIGNIFICANT WATERLOGGING,NO
puddles.jpg,FLOOD,40.85%,99.99%,SIGNIFICANT WATERLOGGING,SIGNIFICANT WATERLOGGING,NO
garbage 1.webp,GARBAGE,0.0%,0.0%,NO SIGNIFICANT WATER,NO SIGNIFICANT WATER,NO
garbage 10.jpg,GARBAGE,0.15%,61.15%,NO SIGNIFICANT WATER,NO SIGNIFICANT WATER,NO
garbage 11.jpg,GARBAGE,2.86%,99.9%,NO SIGNIFICANT WATER,NO SIGNIFICANT WATER,NO
garbage 12.jpg,GARBAGE,0.01%,100.0%,NO SIGNIFICANT WATER,NO SIGNIFICANT WATER,NO
garbage 13.jpg,GARBAGE,32.99%,99.99%,SIGNIFICANT WATERLOGGING,SIGNIFICANT WATERLOGGING,NO
garbage 14.jpg,GARBAGE,0.0%,0.0%,NO SIGNIFICANT WATER,NO SIGNIFICANT WATER,NO
garbage 15.jpg,GARBAGE,0.0%,100.0%,NO SIGNIFICANT WATER,NO SIGNIFICANT WATER,NO
garbage 16.jpg,GARBAGE,0.08%,75.52%,NO SIGNIFICANT WATER,NO SIGNIFICANT WATER,NO
garbage 17.jpg,GARBAGE,3.1%,99.23%,NO SIGNIFICANT WATER,NO SIGNIFICANT WATER,NO
garbage 18.jpg,GARBAGE,0.0%,0.0%,NO SIGNIFICANT WATER,NO SIGNIFICANT WATER,NO
garbage 19.jpg,GARBAGE,0.0%,0.0%,NO SIGNIFICANT WATER,NO SIGNIFICANT WATER,NO
garbage 2.webp,GARBAGE,0.0%,0.0%,NO SIGNIFICANT WATER,NO SIGNIFICANT WATER,NO
garbage 20.jpg,GARBAGE,0.0%,0.0%,NO SIGNIFICANT WATER,NO SIGNIFICANT WATER,NO
garbage 21.jpg,GARBAGE,0.77%,94.66%,NO SIGNIFICANT WATER,NO SIGNIFICANT WATER,NO
garbage 22.jpg,GARBAGE,5.02%,83.33%,POSSIBLE WATERLOGGING,POSSIBLE WATERLOGGING,NO
garbage 23.jpg,GARBAGE,4.51%,57.27%,NO SIGNIFICANT WATER,NO SIGNIFICANT WATER,NO
garbage 24.jpg,GARBAGE,91.2%,99.9%,SIGNIFICANT WATERLOGGING,SIGNIFICANT WATERLOGGING,NO
garbage 25.jpg,GARBAGE,0.0%,0.0%,NO SIGNIFICANT WATER,NO SIGNIFICANT WATER,NO
garbage 26.jpg,GARBAGE,0.28%,72.01%,NO SIGNIFICANT WATER,NO SIGNIFICANT WATER,NO
garbage 27.jpg,GARBAGE,0.0%,0.0%,NO SIGNIFICANT WATER,NO SIGNIFICANT WATER,NO
garbage 28.jpg,GARBAGE,0.74%,100.0%,NO SIGNIFICANT WATER,NO SIGNIFICANT WATER,NO
garbage 29.jpg,GARBAGE,0.0%,0.0%,NO SIGNIFICANT WATER,NO SIGNIFICANT WATER,NO
garbage 3.webp,GARBAGE,2.58%,99.98%,NO SIGNIFICANT WATER,NO SIGNIFICANT WATER,NO
garbage 30.jpg,GARBAGE,1.33%,83.04%,NO SIGNIFICANT WATER,NO SIGNIFICANT WATER,NO
garbage 4.webp,GARBAGE,9.45%,99.99%,POSSIBLE WATERLOGGING,POSSIBLE WATERLOGGING,NO
garbage 5.webp,GARBAGE,1.95%,73.27%,NO SIGNIFICANT WATER,NO SIGNIFICANT WATER,NO
garbage 6.webp,GARBAGE,2.38%,96.33%,NO SIGNIFICANT WATER,NO SIGNIFICANT WATER,NO
garbage 7.webp,GARBAGE,0.0%,100.0%,NO SIGNIFICANT WATER,NO SIGNIFICANT WATER,NO
garbage 8.webp,GARBAGE,15.5%,86.57%,POSSIBLE WATERLOGGING,POSSIBLE WATERLOGGING,NO
garbage 9.webp,GARBAGE,0.0%,0.0%,NO SIGNIFICANT WATER,NO SIGNIFICANT WATER,NO
pathole 1.webp,POTHOLE,51.08%,99.81%,SIGNIFICANT WATERLOGGING,SIGNIFICANT WATERLOGGING,NO
pathole 10.webp,POTHOLE,29.02%,79.83%,SIGNIFICANT WATERLOGGING,SIGNIFICANT WATERLOGGING,NO
pathole 11.webp,POTHOLE,0.19%,100.0%,NO SIGNIFICANT WATER,NO SIGNIFICANT WATER,NO
pathole 12.webp,POTHOLE,0.45%,84.52%,NO SIGNIFICANT WATER,NO SIGNIFICANT WATER,NO
pathole 13.webp,POTHOLE,78.78%,99.65%,SIGNIFICANT WATERLOGGING,SIGNIFICANT WATERLOGGING,NO
pathole 14.webp,POTHOLE,7.51%,93.36%,POSSIBLE WATERLOGGING,POSSIBLE WATERLOGGING,NO
pathole 15.webp,POTHOLE,48.26%,99.86%,SIGNIFICANT WATERLOGGING,SIGNIFICANT WATERLOGGING,NO
pathole 16.webp,POTHOLE,2.46%,97.39%,NO SIGNIFICANT WATER,NO SIGNIFICANT WATER,NO
pathole 17.webp,POTHOLE,0.0%,0.0%,NO SIGNIFICANT WATER,NO SIGNIFICANT WATER,NO
pathole 18.webp,POTHOLE,0.0%,0.0%,NO SIGNIFICANT WATER,NO SIGNIFICANT WATER,NO
pathole 19.webp,POTHOLE,74.64%,99.98%,SIGNIFICANT WATERLOGGING,SIGNIFICANT WATERLOGGING,NO
pathole 2.webp,POTHOLE,0.0%,0.0%,NO SIGNIFICANT WATER,NO SIGNIFICANT WATER,NO
pathole 20.webp,POTHOLE,71.03%,99.95%,SIGNIFICANT WATERLOGGING,SIGNIFICANT WATERLOGGING,NO
pathole 21.webp,POTHOLE,3.24%,99.95%,NO SIGNIFICANT WATER,NO SIGNIFICANT WATER,NO
pathole 22.webp,POTHOLE,0.73%,99.05%,NO SIGNIFICANT WATER,NO SIGNIFICANT WATER,NO
pathole 23.webp,POTHOLE,1.43%,58.18%,NO SIGNIFICANT WATER,NO SIGNIFICANT WATER,NO
pathole 24.webp,POTHOLE,23.06%,99.92%,POSSIBLE WATERLOGGING,POSSIBLE WATERLOGGING,NO
pathole 25.webp,POTHOLE,45.19%,94.68%,SIGNIFICANT WATERLOGGING,SIGNIFICANT WATERLOGGING,NO
pathole 26.webp,POTHOLE,15.75%,88.24%,POSSIBLE WATERLOGGING,POSSIBLE WATERLOGGING,NO
pathole 27.webp,POTHOLE,0.0%,0.0%,NO SIGNIFICANT WATER,NO SIGNIFICANT WATER,NO
pathole 28.webp,POTHOLE,0.9%,99.61%,NO SIGNIFICANT WATER,NO SIGNIFICANT WATER,NO
pathole 29.webp,POTHOLE,0.0%,0.0%,NO SIGNIFICANT WATER,NO SIGNIFICANT WATER,NO
pathole 3.webp,POTHOLE,0.0%,0.0%,NO SIGNIFICANT WATER,NO SIGNIFICANT WATER,NO
pathole 30.webp,POTHOLE,11.69%,91.14%,POSSIBLE WATERLOGGING,POSSIBLE WATERLOGGING,NO
pathole 4.webp,POTHOLE,83.22%,99.81%,SIGNIFICANT WATERLOGGING,SIGNIFICANT WATERLOGGING,NO
pathole 5.webp,POTHOLE,18.43%,99.98%,POSSIBLE WATERLOGGING,POSSIBLE WATERLOGGING,NO
pathole 6.webp,POTHOLE,0.18%,32.37%,NO SIGNIFICANT WATER,NO SIGNIFICANT WATER,NO
pathole 7.webp,POTHOLE,1.84%,99.91%,NO SIGNIFICANT WATER,NO SIGNIFICANT WATER,NO
pathole 8.webp,POTHOLE,32.34%,99.05%,SIGNIFICANT WATERLOGGING,SIGNIFICANT WATERLOGGING,NO
pathole 9.webp,POTHOLE,0.0%,0.0%,NO SIGNIFICANT WATER,NO SIGNIFICANT WATER,NO
road without pothole.webp,POTHOLE,0.0%,0.0%,NO SIGNIFICANT WATER,NO SIGNIFICANT WATER,NO
water filled patholes.jpg,POTHOLE,77.59%,99.99%,SIGNIFICANT WATERLOGGING,SIGNIFICANT WATERLOGGING,NO
