threshold_pct,flood_detected_count,flood_detected_pct,pothole_detected_count,pothole_detected_pct,garbage_detected_count,garbage_detected_pct,combined_non_flood_count,combined_non_flood_pct,separation_margin_pct
5.0,30,93.75,15,46.88,5,16.67,20,32.26,61.49
10.0,27,84.38,14,43.75,3,10.0,17,27.42,56.96
15.0,26,81.25,13,40.62,3,10.0,16,25.81,55.44
20.0,26,81.25,11,34.38,2,6.67,13,20.97,60.28
25.0,25,78.12,10,31.25,2,6.67,12,19.35,58.77
30.0,23,71.88,9,28.12,2,6.67,11,17.74,54.14
35.0,21,65.62,8,25.0,1,3.33,9,14.52,51.1
40.0,19,59.38,8,25.0,1,3.33,9,14.52,44.86
45.0,17,53.12,8,25.0,1,3.33,9,14.52,38.6
50.0,11,34.38,6,18.75,1,3.33,7,11.29,23.09
