filename,category,width,height,lowResolutionWarning,road_raw_candidates,road_post_nms_detections,road_classes,road_confidence_values,waste_raw_candidates,waste_post_nms_detections,waste_classes,waste_confidence_values,flood_water_coverage,flood_classification,water_topology_classification,water_filled_pothole_classification,final_civicsense_interpretation
flood 1.jpg,FLOOD,250,175,True,0,0,NONE,NONE,6,1,W50,0.668,49.59%,SIGNIFICANT WATERLOGGING,LARGE_CONTINUOUS_ROAD_FLOOD,NO,Waterlogging: SIGNIFICANT WATERLOGGING (49.59%) | Detected Waste: W50
flood 10.webp,FLOOD,192,234,True,0,0,NONE,NONE,3,1,W50,0.6343,66.42%,SIGNIFICANT WATERLOGGING,LARGE_CONTINUOUS_ROAD_FLOOD,NO,Waterlogging: SIGNIFICANT WATERLOGGING (66.42%) | Detected Waste: W50
flood 11.webp,FLOOD,392,261,False,0,0,NONE,NONE,1,1,W50,0.5448,43.28%,SIGNIFICANT WATERLOGGING,LARGE_CONTINUOUS_ROAD_FLOOD,NO,Waterlogging: SIGNIFICANT WATERLOGGING (43.28%) | Detected Waste: W50
flood 12.webp,FLOOD,417,234,False,0,0,NONE,NONE,0,0,NONE,NONE,59.25%,SIGNIFICANT WATERLOGGING,LARGE_CONTINUOUS_ROAD_FLOOD,NO,Waterlogging: SIGNIFICANT WATERLOGGING (59.25%)
flood 13.webp,FLOOD,344,234,False,0,0,NONE,NONE,0,0,NONE,NONE,7.39%,POSSIBLE WATERLOGGING,DISPERSED_WET_PATCHES,NO,Waterlogging: POSSIBLE WATERLOGGING (7.39%)
flood 14.webp,FLOOD,347,280,False,0,0,NONE,NONE,7,1,W20,0.8971,27.48%,SIGNIFICANT WATERLOGGING,LARGE_CONTINUOUS_ROAD_FLOOD,NO,Waterlogging: SIGNIFICANT WATERLOGGING (27.48%) | Detected Waste: W20
flood 15.jpg,FLOOD,289,174,True,0,0,NONE,NONE,2,1,W50,0.6271,37.83%,SIGNIFICANT WATERLOGGING,LARGE_CONTINUOUS_ROAD_FLOOD,NO,Waterlogging: SIGNIFICANT WATERLOGGING (37.83%) | Detected Waste: W50
flood 16.jpg,FLOOD,415,737,False,0,0,NONE,NONE,2,1,W70,0.5659,27.7%,SIGNIFICANT WATERLOGGING,LARGE_CONTINUOUS_ROAD_FLOOD,NO,Waterlogging: SIGNIFICANT WATERLOGGING (27.7%) | Detected Waste: W70
flood 17.jpg,FLOOD,618,495,False,0,0,NONE,NONE,5,1,W70,0.6776,48.8%,SIGNIFICANT WATERLOGGING,LARGE_CONTINUOUS_ROAD_FLOOD,NO,Waterlogging: SIGNIFICANT WATERLOGGING (48.8%) | Detected Waste: W70
flood 18.jpg,FLOOD,387,516,False,0,0,NONE,NONE,14,1,W20,0.8936,6.21%,POSSIBLE WATERLOGGING,DISPERSED_WET_PATCHES,NO,Waterlogging: POSSIBLE WATERLOGGING (6.21%) | Detected Waste: W20
flood 19.jpg,FLOOD,554,554,False,0,0,NONE,NONE,0,0,NONE,NONE,10.46%,POSSIBLE WATERLOGGING,DISPERSED_WET_PATCHES,NO,Waterlogging: POSSIBLE WATERLOGGING (10.46%)
flood 2,FLOOD,365,237,False,0,0,NONE,NONE,0,0,NONE,NONE,53.03%,SIGNIFICANT WATERLOGGING,LARGE_CONTINUOUS_ROAD_FLOOD,NO,Waterlogging: SIGNIFICANT WATERLOGGING (53.03%)
flood 20.webp,FLOOD,638,480,False,0,0,NONE,NONE,5,2,W20; W70,0.5874; 0.5469,56.1%,SIGNIFICANT WATERLOGGING,LARGE_CONTINUOUS_ROAD_FLOOD,NO,"Waterlogging: SIGNIFICANT WATERLOGGING (56.1%) | Detected Waste: W20, W70"
flood 21.webp,FLOOD,515,388,False,0,0,NONE,NONE,3,1,W20,0.532,34.68%,SIGNIFICANT WATERLOGGING,LARGE_CONTINUOUS_ROAD_FLOOD,NO,Waterlogging: SIGNIFICANT WATERLOGGING (34.68%) | Detected Waste: W20
flood 22.webp,FLOOD,554,554,False,0,0,NONE,NONE,3,1,W20,0.5503,61.06%,SIGNIFICANT WATERLOGGING,LARGE_CONTINUOUS_ROAD_FLOOD,NO,Waterlogging: SIGNIFICANT WATERLOGGING (61.06%) | Detected Waste: W20
flood 23.webp,FLOOD,528,378,False,0,0,NONE,NONE,10,1,W50,0.8947,2.68%,NO SIGNIFICANT WATER,TRACE_OR_SPECULAR_WATER,NO,Detected Waste: W50
flood 24.webp,FLOOD,638,480,False,0,0,NONE,NONE,0,0,NONE,NONE,51.77%,SIGNIFICANT WATERLOGGING,LARGE_CONTINUOUS_ROAD_FLOOD,NO,Waterlogging: SIGNIFICANT WATERLOGGING (51.77%)
flood 25.webp,FLOOD,738,414,False,0,0,NONE,NONE,7,1,W00,0.7649,54.82%,SIGNIFICANT WATERLOGGING,LARGE_CONTINUOUS_ROAD_FLOOD,NO,Waterlogging: SIGNIFICANT WATERLOGGING (54.82%) | Detected Waste: W00
flood 26.webp,FLOOD,738,414,False,0,0,NONE,NONE,0,0,NONE,NONE,32.01%,SIGNIFICANT WATERLOGGING,LARGE_CONTINUOUS_ROAD_FLOOD,NO,Waterlogging: SIGNIFICANT WATERLOGGING (32.01%)
flood 27.webp,FLOOD,738,414,False,0,0,NONE,NONE,2,1,W70,0.5346,2.46%,NO SIGNIFICANT WATER,TRACE_OR_SPECULAR_WATER,NO,Detected Waste: W70
flood 28.webp,FLOOD,556,359,False,0,0,NONE,NONE,1,1,W60,0.5085,47.21%,SIGNIFICANT WATERLOGGING,LARGE_CONTINUOUS_ROAD_FLOOD,NO,Waterlogging: SIGNIFICANT WATERLOGGING (47.21%) | Detected Waste: W60
flood 29.webp,FLOOD,638,480,False,0,0,NONE,NONE,6,1,W70,0.8607,21.1%,POSSIBLE WATERLOGGING,SUBSTANTIAL_SPREAD_WATERLOGGING,NO,Waterlogging: POSSIBLE WATERLOGGING (21.1%) | Detected Waste: W70
flood 3.webp,FLOOD,408,234,False,0,0,NONE,NONE,0,0,NONE,NONE,62.74%,SIGNIFICANT WATERLOGGING,LARGE_CONTINUOUS_ROAD_FLOOD,NO,Waterlogging: SIGNIFICANT WATERLOGGING (62.74%)
flood 30.webp,FLOOD,738,414,False,0,0,NONE,NONE,8,1,W20,0.7225,45.79%,SIGNIFICANT WATERLOGGING,LARGE_CONTINUOUS_ROAD_FLOOD,NO,Waterlogging: SIGNIFICANT WATERLOGGING (45.79%) | Detected Waste: W20
flood 4.webp,FLOOD,403,234,False,0,0,NONE,NONE,3,1,W00,0.521,5.89%,POSSIBLE WATERLOGGING,LOCALIZED_PUDDLE_OR_POTHOLE_WATER,NO,Waterlogging: POSSIBLE WATERLOGGING (5.89%) | Detected Waste: W00
flood 5.webp,FLOOD,308,234,False,0,0,NONE,NONE,0,0,NONE,NONE,45.01%,SIGNIFICANT WATERLOGGING,LARGE_CONTINUOUS_ROAD_FLOOD,NO,Waterlogging: SIGNIFICANT WATERLOGGING (45.01%)
flood 6.webp,FLOOD,432,243,False,0,0,NONE,NONE,3,1,W20,0.6021,51.17%,SIGNIFICANT WATERLOGGING,LARGE_CONTINUOUS_ROAD_FLOOD,NO,Waterlogging: SIGNIFICANT WATERLOGGING (51.17%) | Detected Waste: W20
flood 7.webp,FLOOD,351,234,False,0,0,NONE,NONE,0,0,NONE,NONE,46.83%,SIGNIFICANT WATERLOGGING,LARGE_CONTINUOUS_ROAD_FLOOD,NO,Waterlogging: SIGNIFICANT WATERLOGGING (46.83%)
flood 8.webp,FLOOD,345,245,False,0,0,NONE,NONE,8,1,W70,0.972,60.73%,SIGNIFICANT WATERLOGGING,LARGE_CONTINUOUS_ROAD_FLOOD,NO,Waterlogging: SIGNIFICANT WATERLOGGING (60.73%) | Detected Waste: W70
flood 9.webp,FLOOD,427,240,False,0,0,NONE,NONE,0,0,NONE,NONE,59.07%,SIGNIFICANT WATERLOGGING,LARGE_CONTINUOUS_ROAD_FLOOD,NO,Waterlogging: SIGNIFICANT WATERLOGGING (59.07%)
flood.jpg,FLOOD,193,135,True,0,0,NONE,NONE,10,1,W50,0.9701,39.49%,SIGNIFICANT WATERLOGGING,LARGE_CONTINUOUS_ROAD_FLOOD,NO,Waterlogging: SIGNIFICANT WATERLOGGING (39.49%) | Detected Waste: W50
puddles.jpg,FLOOD,502,398,False,0,0,NONE,NONE,10,1,W70,0.9295,40.85%,SIGNIFICANT WATERLOGGING,LARGE_CONTINUOUS_ROAD_FLOOD,NO,Waterlogging: SIGNIFICANT WATERLOGGING (40.85%) | Detected Waste: W70
garbage 1.webp,GARBAGE,321,236,False,0,0,NONE,NONE,10,1,W50,0.8237,0.0%,NO SIGNIFICANT WATER,NO_WATER,NO,Detected Waste: W50
garbage 10.jpg,GARBAGE,678,452,False,0,0,NONE,NONE,0,0,NONE,NONE,0.15%,NO SIGNIFICANT WATER,TRACE_OR_SPECULAR_WATER,NO,No Significant Defects Detected (Clean / Low Severity)
garbage 11.jpg,GARBAGE,738,414,False,0,0,NONE,NONE,5,1,W20,0.538,2.86%,NO SIGNIFICANT WATER,TRACE_OR_SPECULAR_WATER,NO,Detected Waste: W20
garbage 12.jpg,GARBAGE,480,638,False,0,0,NONE,NONE,11,1,W70,0.7155,0.01%,NO SIGNIFICANT WATER,TRACE_OR_SPECULAR_WATER,NO,Detected Waste: W70
garbage 13.jpg,GARBAGE,638,480,False,0,0,NONE,NONE,9,1,W20,0.6942,32.99%,SIGNIFICANT WATERLOGGING,LARGE_CONTINUOUS_ROAD_FLOOD,NO,Waterlogging: SIGNIFICANT WATERLOGGING (32.99%) | Detected Waste: W20
garbage 14.jpg,GARBAGE,480,638,False,0,0,NONE,NONE,5,2,W20; W70,0.6222; 0.5732,0.0%,NO SIGNIFICANT WATER,NO_WATER,NO,"Detected Waste: W20, W70"
garbage 15.jpg,GARBAGE,515,388,False,0,0,NONE,NONE,2,1,W70,0.5536,0.0%,NO SIGNIFICANT WATER,TRACE_OR_SPECULAR_WATER,NO,Detected Waste: W70
garbage 16.jpg,GARBAGE,678,452,False,0,0,NONE,NONE,3,1,W70,0.5634,0.08%,NO SIGNIFICANT WATER,TRACE_OR_SPECULAR_WATER,NO,Detected Waste: W70
garbage 17.jpg,GARBAGE,678,452,False,0,0,NONE,NONE,5,1,W70,0.7362,3.1%,NO SIGNIFICANT WATER,TRACE_OR_SPECULAR_WATER,NO,Detected Waste: W70
garbage 18.jpg,GARBAGE,678,452,False,0,0,NONE,NONE,10,1,W70,0.9585,0.0%,NO SIGNIFICANT WATER,NO_WATER,NO,Detected Waste: W70
garbage 19.jpg,GARBAGE,527,379,False,0,0,NONE,NONE,8,1,W70,0.9179,0.0%,NO SIGNIFICANT WATER,NO_WATER,NO,Detected Waste: W70
garbage 2.webp,GARBAGE,393,234,False,0,0,NONE,NONE,9,1,W70,0.7223,0.0%,NO SIGNIFICANT WATER,NO_WATER,NO,Detected Waste: W70
garbage 20.jpg,GARBAGE,738,360,False,0,0,NONE,NONE,3,1,W70,0.5635,0.0%,NO SIGNIFICANT WATER,NO_WATER,NO,Detected Waste: W70
garbage 21.jpg,GARBAGE,680,451,False,0,0,NONE,NONE,9,1,W70,0.8601,0.77%,NO SIGNIFICANT WATER,TRACE_OR_SPECULAR_WATER,NO,Detected Waste: W70
garbage 22.jpg,GARBAGE,398,225,False,0,0,NONE,NONE,8,1,W70,0.6832,5.02%,POSSIBLE WATERLOGGING,DISPERSED_WET_PATCHES,NO,Waterlogging: POSSIBLE WATERLOGGING (5.02%) | Detected Waste: W70
garbage 23.jpg,GARBAGE,678,452,False,0,0,NONE,NONE,0,0,NONE,NONE,4.51%,NO SIGNIFICANT WATER,TRACE_OR_SPECULAR_WATER,NO,No Significant Defects Detected (Clean / Low Severity)
garbage 24.jpg,GARBAGE,447,447,False,0,0,NONE,NONE,10,1,W70,0.8126,91.2%,SIGNIFICANT WATERLOGGING,LARGE_CONTINUOUS_ROAD_FLOOD,NO,Waterlogging: SIGNIFICANT WATERLOGGING (91.2%) | Detected Waste: W70
garbage 25.jpg,GARBAGE,678,452,False,0,0,NONE,NONE,9,1,W70,0.8472,0.0%,NO SIGNIFICANT WATER,NO_WATER,NO,Detected Waste: W70
garbage 26.jpg,GARBAGE,515,388,False,0,0,NONE,NONE,2,1,W70,0.585,0.28%,NO SIGNIFICANT WATER,TRACE_OR_SPECULAR_WATER,NO,Detected Waste: W70
garbage 27.jpg,GARBAGE,678,452,False,0,0,NONE,NONE,1,1,W70,0.517,0.0%,NO SIGNIFICANT WATER,NO_WATER,NO,Detected Waste: W70
garbage 28.jpg,GARBAGE,678,452,False,0,0,NONE,NONE,0,0,NONE,NONE,0.74%,NO SIGNIFICANT WATER,TRACE_OR_SPECULAR_WATER,NO,No Significant Defects Detected (Clean / Low Severity)
garbage 29.jpg,GARBAGE,638,480,False,0,0,NONE,NONE,2,1,W20,0.5377,0.0%,NO SIGNIFICANT WATER,NO_WATER,NO,Detected Waste: W20
garbage 3.webp,GARBAGE,431,234,False,0,0,NONE,NONE,0,0,NONE,NONE,2.58%,NO SIGNIFICANT WATER,TRACE_OR_SPECULAR_WATER,NO,No Significant Defects Detected (Clean / Low Severity)
garbage 30.jpg,GARBAGE,515,388,False,0,0,NONE,NONE,10,1,W70,0.9617,1.33%,NO SIGNIFICANT WATER,TRACE_OR_SPECULAR_WATER,NO,Detected Waste: W70
garbage 4.webp,GARBAGE,357,257,False,0,0,NONE,NONE,0,0,NONE,NONE,9.45%,POSSIBLE WATERLOGGING,LOCALIZED_PUDDLE_OR_POTHOLE_WATER,NO,Waterlogging: POSSIBLE WATERLOGGING (9.45%)
garbage 5.webp,GARBAGE,344,234,False,0,0,NONE,NONE,7,1,W70,0.8748,1.95%,NO SIGNIFICANT WATER,TRACE_OR_SPECULAR_WATER,NO,Detected Waste: W70
garbage 6.webp,GARBAGE,354,236,False,0,0,NONE,NONE,8,1,W20,0.8162,2.38%,NO SIGNIFICANT WATER,TRACE_OR_SPECULAR_WATER,NO,Detected Waste: W20
garbage 7.webp,GARBAGE,391,260,False,0,0,NONE,NONE,6,1,W70,0.8455,0.0%,NO SIGNIFICANT WATER,TRACE_OR_SPECULAR_WATER,NO,Detected Waste: W70
garbage 8.webp,GARBAGE,358,234,False,0,0,NONE,NONE,0,0,NONE,NONE,15.5%,POSSIBLE WATERLOGGING,DISPERSED_WET_PATCHES,NO,Waterlogging: POSSIBLE WATERLOGGING (15.5%)
garbage 9.webp,GARBAGE,332,244,False,0,0,NONE,NONE,8,1,W70,0.9036,0.0%,NO SIGNIFICANT WATER,NO_WATER,NO,Detected Waste: W70
pathole 1.webp,POTHOLE,340,256,False,7,1,D40,0.8157,0,0,NONE,NONE,51.08%,WATER-FILLED POTHOLE,LARGE_CONTINUOUS_ROAD_FLOOD,YES,"Water-Filled Pothole (51.08% water, D40 conf=0.8157)"
pathole 10.webp,POTHOLE,371,234,False,1,1,D40,0.5403,0,0,NONE,NONE,29.02%,WATER-FILLED POTHOLE,LARGE_CONTINUOUS_ROAD_FLOOD,YES,"Water-Filled Pothole (29.02% water, D40 conf=0.5403)"
pathole 11.webp,POTHOLE,391,234,False,5,1,D20,0.6416,3,1,W50,0.6538,0.19%,NO SIGNIFICANT WATER,TRACE_OR_SPECULAR_WATER,NO,Road Damage: D20 | Detected Waste: W50
pathole 12.webp,POTHOLE,387,516,False,40,6,D40; D40; D40; D40; D40; D40,0.7788; 0.7237; 0.6466; 0.6357; 0.58; 0.5229,14,1,W70,0.9856,0.45%,NO SIGNIFICANT WATER,TRACE_OR_SPECULAR_WATER,NO,"Road Damage: D40, D40, D40, D40, D40, D40 | Detected Waste: W70"
pathole 13.webp,POTHOLE,437,702,False,3,2,D10; D40,0.5277; 0.5194,11,1,W70,0.9815,78.78%,WATER-FILLED POTHOLE,LARGE_CONTINUOUS_ROAD_FLOOD,YES,"Water-Filled Pothole (78.78% water, D40 conf=0.5194) | Detected Waste: W70"
pathole 14.webp,POTHOLE,151,200,True,10,1,D20,0.7089,14,1,W50,0.9385,7.51%,WATER-FILLED POTHOLE,DISPERSED_WET_PATCHES,YES,"Water-Filled Pothole (7.51% water, D40 conf=0.3008) | Detected Waste: W50"
pathole 15.webp,POTHOLE,738,414,False,1,1,D20,0.5038,1,1,W70,0.5187,48.26%,SIGNIFICANT WATERLOGGING,LARGE_CONTINUOUS_ROAD_FLOOD,NO,Waterlogging: SIGNIFICANT WATERLOGGING (48.26%) | Road Damage: D20 | Detected Waste: W70
pathole 16.webp,POTHOLE,452,678,False,6,2,D20; D20,0.619; 0.5198,8,1,W70,0.9477,2.46%,NO SIGNIFICANT WATER,TRACE_OR_SPECULAR_WATER,NO,"Road Damage: D20, D20 | Detected Waste: W70"
pathole 17.webp,POTHOLE,200,200,True,0,0,NONE,NONE,11,1,W50,0.8873,0.0%,NO SIGNIFICANT WATER,NO_WATER,NO,Detected Waste: W50
pathole 18.webp,POTHOLE,400,533,False,8,1,D40,0.7695,10,1,W70,0.9823,0.0%,NO SIGNIFICANT WATER,NO_WATER,NO,Road Damage: D40 | Detected Waste: W70
pathole 19.webp,POTHOLE,389,280,False,0,0,NONE,NONE,9,1,W70,0.9878,74.64%,SIGNIFICANT WATERLOGGING,LARGE_CONTINUOUS_ROAD_FLOOD,NO,Waterlogging: SIGNIFICANT WATERLOGGING (74.64%) | Detected Waste: W70
pathole 2.webp,POTHOLE,297,234,True,0,0,NONE,NONE,10,1,W70,0.8969,0.0%,NO SIGNIFICANT WATER,NO_WATER,NO,Detected Waste: W70
pathole 20.webp,POTHOLE,320,173,True,0,0,NONE,NONE,10,1,W50,0.8628,71.03%,SIGNIFICANT WATERLOGGING,LARGE_CONTINUOUS_ROAD_FLOOD,NO,Waterlogging: SIGNIFICANT WATERLOGGING (71.03%) | Detected Waste: W50
pathole 21.webp,POTHOLE,540,360,False,4,1,D40,0.5702,10,1,W70,0.9481,3.24%,NO SIGNIFICANT WATER,TRACE_OR_SPECULAR_WATER,NO,Road Damage: D40 | Detected Waste: W70
pathole 22.webp,POTHOLE,525,350,False,0,0,NONE,NONE,10,1,W70,0.959,0.73%,NO SIGNIFICANT WATER,TRACE_OR_SPECULAR_WATER,NO,Detected Waste: W70
pathole 23.webp,POTHOLE,678,452,False,0,0,NONE,NONE,0,0,NONE,NONE,1.43%,NO SIGNIFICANT WATER,TRACE_OR_SPECULAR_WATER,NO,No Significant Defects Detected (Clean / Low Severity)
pathole 24.webp,POTHOLE,736,416,False,0,0,NONE,NONE,10,1,W70,0.9818,23.06%,POSSIBLE WATERLOGGING,SUBSTANTIAL_SPREAD_WATERLOGGING,NO,Waterlogging: POSSIBLE WATERLOGGING (23.06%) | Detected Waste: W70
pathole 25.webp,POTHOLE,543,360,False,2,1,D40,0.5457,10,1,W70,0.8953,45.19%,WATER-FILLED POTHOLE,LARGE_CONTINUOUS_ROAD_FLOOD,YES,"Water-Filled Pothole (45.19% water, D40 conf=0.5457) | Detected Waste: W70"
pathole 26.webp,POTHOLE,480,359,False,29,4,D40; D40; D40; D40,0.7539; 0.7354; 0.7106; 0.7018,9,1,W70,0.996,15.75%,WATER-FILLED POTHOLE,DISPERSED_WET_PATCHES,YES,"Water-Filled Pothole (15.75% water, D40 conf=0.7539) | Detected Waste: W70"
pathole 27.webp,POTHOLE,389,280,False,0,0,NONE,NONE,3,1,W70,0.5599,0.0%,NO SIGNIFICANT WATER,NO_WATER,NO,Detected Waste: W70
pathole 28.webp,POTHOLE,479,360,False,0,0,NONE,NONE,7,1,W70,0.8101,0.9%,NO SIGNIFICANT WATER,TRACE_OR_SPECULAR_WATER,NO,Detected Waste: W70
pathole 29.webp,POTHOLE,540,360,False,18,2,D40; D40,0.8564; 0.7995,8,1,W70,0.9728,0.0%,NO SIGNIFICANT WATER,NO_WATER,NO,"Road Damage: D40, D40 | Detected Waste: W70"
pathole 3.webp,POTHOLE,370,247,False,0,0,NONE,NONE,4,1,W00,0.6032,0.0%,NO SIGNIFICANT WATER,NO_WATER,NO,Detected Waste: W00
pathole 30.webp,POTHOLE,678,452,False,0,0,NONE,NONE,10,1,W70,0.9536,11.69%,WATER-FILLED POTHOLE,DISPERSED_WET_PATCHES,YES,"Water-Filled Pothole (11.69% water, D40 conf=0.4021) | Detected Waste: W70"
pathole 4.webp,POTHOLE,361,262,False,32,5,D40; D40; D40; D40; D40,0.7448; 0.6948; 0.6899; 0.6369; 0.5665,7,1,W70,0.737,83.22%,WATER-FILLED POTHOLE,LARGE_CONTINUOUS_ROAD_FLOOD,YES,"Water-Filled Pothole (83.22% water, D40 conf=0.7448) | Detected Waste: W70"
pathole 5.webp,POTHOLE,419,235,False,3,1,D20,0.5879,1,1,W70,0.5188,18.43%,POSSIBLE WATERLOGGING,DISPERSED_WET_PATCHES,NO,Waterlogging: POSSIBLE WATERLOGGING (18.43%) | Road Damage: D20 | Detected Waste: W70
pathole 6.webp,POTHOLE,334,250,False,0,0,NONE,NONE,0,0,NONE,NONE,0.18%,NO SIGNIFICANT WATER,TRACE_OR_SPECULAR_WATER,NO,No Significant Defects Detected (Clean / Low Severity)
pathole 7.webp,POTHOLE,232,234,True,1,1,D40,0.5395,3,1,W50,0.6399,1.84%,NO SIGNIFICANT WATER,TRACE_OR_SPECULAR_WATER,NO,Road Damage: D40 | Detected Waste: W50
pathole 8.webp,POTHOLE,396,234,False,8,1,D40,0.6068,10,1,W70,0.8601,32.34%,WATER-FILLED POTHOLE,LARGE_CONTINUOUS_ROAD_FLOOD,YES,"Water-Filled Pothole (32.34% water, D40 conf=0.6068) | Detected Waste: W70"
pathole 9.webp,POTHOLE,319,234,False,0,0,NONE,NONE,3,1,W50,0.5741,0.0%,NO SIGNIFICANT WATER,NO_WATER,NO,Detected Waste: W50
road without pothole.webp,POTHOLE,353,226,False,0,0,NONE,NONE,0,0,NONE,NONE,0.0%,NO SIGNIFICANT WATER,NO_WATER,NO,No Significant Defects Detected (Clean / Low Severity)
water filled patholes.jpg,POTHOLE,346,280,False,0,0,NONE,NONE,10,1,W50,0.881,77.59%,SIGNIFICANT WATERLOGGING,LARGE_CONTINUOUS_ROAD_FLOOD,NO,Waterlogging: SIGNIFICANT WATERLOGGING (77.59%) | Detected Waste: W50
