filename,category,class,confidence,boxWidth,boxHeight,areaRatio,rawStatus,filteredStatus,filterReason
flood 1.jpg,FLOOD,W50,0.668,80.7300033569336%,99.87999725341797%,80.63%,DETECTED_WASTE,FLAGGED_MONOLITHIC_SUPPRESSED,Monolithic whole-scene bounding box (80.7300033569336%x99.87999725341797% >= 75%x75%) with single detection
flood 10.webp,FLOOD,W50,0.6343,91.80999755859375%,79.94000244140625%,73.39%,DETECTED_WASTE,FLAGGED_MONOLITHIC_SUPPRESSED,Monolithic whole-scene bounding box (91.80999755859375%x79.94000244140625% >= 75%x75%) with single detection
flood 11.webp,FLOOD,W50,0.5448,79.4800033569336%,99.9000015258789%,79.4%,DETECTED_WASTE,FLAGGED_MONOLITHIC_SUPPRESSED,Monolithic whole-scene bounding box (79.4800033569336%x99.9000015258789% >= 75%x75%) with single detection
flood 12.webp,FLOOD,NONE,NONE,0.0%,0.0%,0.0%,NO_DETECTION,NO_DETECTION,No waste detections produced by model
flood 13.webp,FLOOD,NONE,NONE,0.0%,0.0%,0.0%,NO_DETECTION,NO_DETECTION,No waste detections produced by model
flood 14.webp,FLOOD,W20,0.8971,79.5199966430664%,99.79000091552734%,79.35%,DETECTED_WASTE,FLAGGED_MONOLITHIC_SUPPRESSED,Monolithic whole-scene bounding box (79.5199966430664%x99.79000091552734% >= 75%x75%) with single detection
flood 15.jpg,FLOOD,W50,0.6271,79.36000061035156%,99.7300033569336%,79.15%,DETECTED_WASTE,FLAGGED_MONOLITHIC_SUPPRESSED,Monolithic whole-scene bounding box (79.36000061035156%x99.7300033569336% >= 75%x75%) with single detection
flood 16.jpg,FLOOD,W70,0.5659,100.0%,79.56999969482422%,79.57%,DETECTED_WASTE,FLAGGED_MONOLITHIC_SUPPRESSED,Monolithic whole-scene bounding box (100.0%x79.56999969482422% >= 75%x75%) with single detection
flood 17.jpg,FLOOD,W70,0.6776,79.19000244140625%,99.94999694824219%,79.15%,DETECTED_WASTE,FLAGGED_MONOLITHIC_SUPPRESSED,Monolithic whole-scene bounding box (79.19000244140625%x99.94999694824219% >= 75%x75%) with single detection
flood 18.jpg,FLOOD,W20,0.8936,100.0%,79.8499984741211%,79.85%,DETECTED_WASTE,FLAGGED_MONOLITHIC_SUPPRESSED,Monolithic whole-scene bounding box (100.0%x79.8499984741211% >= 75%x75%) with single detection
flood 19.jpg,FLOOD,NONE,NONE,0.0%,0.0%,0.0%,NO_DETECTION,NO_DETECTION,No waste detections produced by model
flood 2,FLOOD,NONE,NONE,0.0%,0.0%,0.0%,NO_DETECTION,NO_DETECTION,No waste detections produced by model
flood 20.webp,FLOOD,W20,0.5874,79.02999877929688%,100.0%,79.03%,DETECTED_WASTE,ACCEPTED_DETECTION,Multi-box detection cluster (2 boxes); retained
flood 20.webp,FLOOD,W70,0.5469,81.43000030517578%,98.5%,80.21%,DETECTED_WASTE,ACCEPTED_DETECTION,Multi-box detection cluster (2 boxes); retained
flood 21.webp,FLOOD,W20,0.532,80.83999633789062%,99.83999633789062%,80.71%,DETECTED_WASTE,FLAGGED_MONOLITHIC_SUPPRESSED,Monolithic whole-scene bounding box (80.83999633789062%x99.83999633789062% >= 75%x75%) with single detection
flood 22.webp,FLOOD,W20,0.5503,80.66999816894531%,81.16000366210938%,65.47%,DETECTED_WASTE,FLAGGED_MONOLITHIC_SUPPRESSED,Monolithic whole-scene bounding box (80.66999816894531%x81.16000366210938% >= 75%x75%) with single detection
flood 23.webp,FLOOD,W50,0.8947,81.11000061035156%,99.87000274658203%,81.0%,DETECTED_WASTE,FLAGGED_MONOLITHIC_SUPPRESSED,Monolithic whole-scene bounding box (81.11000061035156%x99.87000274658203% >= 75%x75%) with single detection
flood 24.webp,FLOOD,NONE,NONE,0.0%,0.0%,0.0%,NO_DETECTION,NO_DETECTION,No waste detections produced by model
flood 25.webp,FLOOD,W00,0.7649,77.16999816894531%,99.83999633789062%,77.05%,DETECTED_WASTE,FLAGGED_MONOLITHIC_SUPPRESSED,Monolithic whole-scene bounding box (77.16999816894531%x99.83999633789062% >= 75%x75%) with single detection
flood 26.webp,FLOOD,NONE,NONE,0.0%,0.0%,0.0%,NO_DETECTION,NO_DETECTION,No waste detections produced by model
flood 27.webp,FLOOD,W70,0.5346,79.69000244140625%,99.93000030517578%,79.63%,DETECTED_WASTE,FLAGGED_MONOLITHIC_SUPPRESSED,Monolithic whole-scene bounding box (79.69000244140625%x99.93000030517578% >= 75%x75%) with single detection
flood 28.webp,FLOOD,W60,0.5085,80.88999938964844%,99.9000015258789%,80.81%,DETECTED_WASTE,FLAGGED_MONOLITHIC_SUPPRESSED,Monolithic whole-scene bounding box (80.88999938964844%x99.9000015258789% >= 75%x75%) with single detection
flood 29.webp,FLOOD,W70,0.8607,80.69000244140625%,98.9000015258789%,79.8%,DETECTED_WASTE,FLAGGED_MONOLITHIC_SUPPRESSED,Monolithic whole-scene bounding box (80.69000244140625%x98.9000015258789% >= 75%x75%) with single detection
flood 3.webp,FLOOD,NONE,NONE,0.0%,0.0%,0.0%,NO_DETECTION,NO_DETECTION,No waste detections produced by model
flood 30.webp,FLOOD,W20,0.7225,77.94999694824219%,99.7300033569336%,77.74%,DETECTED_WASTE,FLAGGED_MONOLITHIC_SUPPRESSED,Monolithic whole-scene bounding box (77.94999694824219%x99.7300033569336% >= 75%x75%) with single detection
flood 4.webp,FLOOD,W00,0.521,80.30999755859375%,99.86000061035156%,80.2%,DETECTED_WASTE,FLAGGED_MONOLITHIC_SUPPRESSED,Monolithic whole-scene bounding box (80.30999755859375%x99.86000061035156% >= 75%x75%) with single detection
flood 5.webp,FLOOD,NONE,NONE,0.0%,0.0%,0.0%,NO_DETECTION,NO_DETECTION,No waste detections produced by model
flood 6.webp,FLOOD,W20,0.6021,76.87999725341797%,99.98999786376953%,76.87%,DETECTED_WASTE,FLAGGED_MONOLITHIC_SUPPRESSED,Monolithic whole-scene bounding box (76.87999725341797%x99.98999786376953% >= 75%x75%) with single detection
flood 7.webp,FLOOD,NONE,NONE,0.0%,0.0%,0.0%,NO_DETECTION,NO_DETECTION,No waste detections produced by model
flood 8.webp,FLOOD,W70,0.972,79.19999694824219%,99.83999633789062%,79.07%,DETECTED_WASTE,FLAGGED_MONOLITHIC_SUPPRESSED,Monolithic whole-scene bounding box (79.19999694824219%x99.83999633789062% >= 75%x75%) with single detection
flood 9.webp,FLOOD,NONE,NONE,0.0%,0.0%,0.0%,NO_DETECTION,NO_DETECTION,No waste detections produced by model
flood.jpg,FLOOD,W50,0.9701,80.73999786376953%,99.83000183105469%,80.6%,DETECTED_WASTE,FLAGGED_MONOLITHIC_SUPPRESSED,Monolithic whole-scene bounding box (80.73999786376953%x99.83000183105469% >= 75%x75%) with single detection
puddles.jpg,FLOOD,W70,0.9295,79.2300033569336%,99.86000061035156%,79.12%,DETECTED_WASTE,FLAGGED_MONOLITHIC_SUPPRESSED,Monolithic whole-scene bounding box (79.2300033569336%x99.86000061035156% >= 75%x75%) with single detection
garbage 1.webp,GARBAGE,W50,0.8237,79.86000061035156%,99.69999694824219%,79.62%,DETECTED_WASTE,FLAGGED_MONOLITHIC_SUPPRESSED,Monolithic whole-scene bounding box (79.86000061035156%x99.69999694824219% >= 75%x75%) with single detection
garbage 10.jpg,GARBAGE,NONE,NONE,0.0%,0.0%,0.0%,NO_DETECTION,NO_DETECTION,No waste detections produced by model
garbage 11.jpg,GARBAGE,W20,0.538,81.08999633789062%,99.80999755859375%,80.94%,DETECTED_WASTE,FLAGGED_MONOLITHIC_SUPPRESSED,Monolithic whole-scene bounding box (81.08999633789062%x99.80999755859375% >= 75%x75%) with single detection
garbage 12.jpg,GARBAGE,W70,0.7155,100.0%,79.79000091552734%,79.79%,DETECTED_WASTE,FLAGGED_MONOLITHIC_SUPPRESSED,Monolithic whole-scene bounding box (100.0%x79.79000091552734% >= 75%x75%) with single detection
garbage 13.jpg,GARBAGE,W20,0.6942,81.3499984741211%,100.0%,81.35%,DETECTED_WASTE,FLAGGED_MONOLITHIC_SUPPRESSED,Monolithic whole-scene bounding box (81.3499984741211%x100.0% >= 75%x75%) with single detection
garbage 14.jpg,GARBAGE,W20,0.6222,99.97000122070312%,81.37000274658203%,81.35%,DETECTED_WASTE,ACCEPTED_DETECTION,Multi-box detection cluster (2 boxes); retained
garbage 14.jpg,GARBAGE,W70,0.5732,100.0%,79.80999755859375%,79.81%,DETECTED_WASTE,ACCEPTED_DETECTION,Multi-box detection cluster (2 boxes); retained
garbage 15.jpg,GARBAGE,W70,0.5536,76.63999938964844%,99.8499984741211%,76.53%,DETECTED_WASTE,FLAGGED_MONOLITHIC_SUPPRESSED,Monolithic whole-scene bounding box (76.63999938964844%x99.8499984741211% >= 75%x75%) with single detection
garbage 16.jpg,GARBAGE,W70,0.5634,80.4000015258789%,100.0%,80.4%,DETECTED_WASTE,FLAGGED_MONOLITHIC_SUPPRESSED,Monolithic whole-scene bounding box (80.4000015258789%x100.0% >= 75%x75%) with single detection
garbage 17.jpg,GARBAGE,W70,0.7362,79.5%,100.0%,79.5%,DETECTED_WASTE,FLAGGED_MONOLITHIC_SUPPRESSED,Monolithic whole-scene bounding box (79.5%x100.0% >= 75%x75%) with single detection
garbage 18.jpg,GARBAGE,W70,0.9585,78.9800033569336%,99.94000244140625%,78.93%,DETECTED_WASTE,FLAGGED_MONOLITHIC_SUPPRESSED,Monolithic whole-scene bounding box (78.9800033569336%x99.94000244140625% >= 75%x75%) with single detection
garbage 19.jpg,GARBAGE,W70,0.9179,79.95999908447266%,99.5999984741211%,79.64%,DETECTED_WASTE,FLAGGED_MONOLITHIC_SUPPRESSED,Monolithic whole-scene bounding box (79.95999908447266%x99.5999984741211% >= 75%x75%) with single detection
garbage 2.webp,GARBAGE,W70,0.7223,77.91999816894531%,99.8499984741211%,77.8%,DETECTED_WASTE,FLAGGED_MONOLITHIC_SUPPRESSED,Monolithic whole-scene bounding box (77.91999816894531%x99.8499984741211% >= 75%x75%) with single detection
garbage 20.jpg,GARBAGE,W70,0.5635,79.41999816894531%,99.87000274658203%,79.32%,DETECTED_WASTE,FLAGGED_MONOLITHIC_SUPPRESSED,Monolithic whole-scene bounding box (79.41999816894531%x99.87000274658203% >= 75%x75%) with single detection
garbage 21.jpg,GARBAGE,W70,0.8601,78.55999755859375%,99.86000061035156%,78.45%,DETECTED_WASTE,FLAGGED_MONOLITHIC_SUPPRESSED,Monolithic whole-scene bounding box (78.55999755859375%x99.86000061035156% >= 75%x75%) with single detection
garbage 22.jpg,GARBAGE,W70,0.6832,83.05999755859375%,99.9800033569336%,83.04%,DETECTED_WASTE,FLAGGED_MONOLITHIC_SUPPRESSED,Monolithic whole-scene bounding box (83.05999755859375%x99.9800033569336% >= 75%x75%) with single detection
garbage 23.jpg,GARBAGE,NONE,NONE,0.0%,0.0%,0.0%,NO_DETECTION,NO_DETECTION,No waste detections produced by model
garbage 24.jpg,GARBAGE,W70,0.8126,78.88999938964844%,76.9800033569336%,60.73%,DETECTED_WASTE,FLAGGED_MONOLITHIC_SUPPRESSED,Monolithic whole-scene bounding box (78.88999938964844%x76.9800033569336% >= 75%x75%) with single detection
garbage 25.jpg,GARBAGE,W70,0.8472,79.08999633789062%,100.0%,79.09%,DETECTED_WASTE,FLAGGED_MONOLITHIC_SUPPRESSED,Monolithic whole-scene bounding box (79.08999633789062%x100.0% >= 75%x75%) with single detection
garbage 26.jpg,GARBAGE,W70,0.585,79.29000091552734%,99.8499984741211%,79.17%,DETECTED_WASTE,FLAGGED_MONOLITHIC_SUPPRESSED,Monolithic whole-scene bounding box (79.29000091552734%x99.8499984741211% >= 75%x75%) with single detection
garbage 27.jpg,GARBAGE,W70,0.517,79.55999755859375%,100.0%,79.56%,DETECTED_WASTE,FLAGGED_MONOLITHIC_SUPPRESSED,Monolithic whole-scene bounding box (79.55999755859375%x100.0% >= 75%x75%) with single detection
garbage 28.jpg,GARBAGE,NONE,NONE,0.0%,0.0%,0.0%,NO_DETECTION,NO_DETECTION,No waste detections produced by model
garbage 29.jpg,GARBAGE,W20,0.5377,79.43000030517578%,99.97000122070312%,79.41%,DETECTED_WASTE,FLAGGED_MONOLITHIC_SUPPRESSED,Monolithic whole-scene bounding box (79.43000030517578%x99.97000122070312% >= 75%x75%) with single detection
garbage 3.webp,GARBAGE,NONE,NONE,0.0%,0.0%,0.0%,NO_DETECTION,NO_DETECTION,No waste detections produced by model
garbage 30.jpg,GARBAGE,W70,0.9617,79.37000274658203%,99.8499984741211%,79.25%,DETECTED_WASTE,FLAGGED_MONOLITHIC_SUPPRESSED,Monolithic whole-scene bounding box (79.37000274658203%x99.8499984741211% >= 75%x75%) with single detection
garbage 4.webp,GARBAGE,NONE,NONE,0.0%,0.0%,0.0%,NO_DETECTION,NO_DETECTION,No waste detections produced by model
garbage 5.webp,GARBAGE,W70,0.8748,77.9800033569336%,99.73999786376953%,77.78%,DETECTED_WASTE,FLAGGED_MONOLITHIC_SUPPRESSED,Monolithic whole-scene bounding box (77.9800033569336%x99.73999786376953% >= 75%x75%) with single detection
garbage 6.webp,GARBAGE,W20,0.8162,76.33000183105469%,99.88999938964844%,76.25%,DETECTED_WASTE,FLAGGED_MONOLITHIC_SUPPRESSED,Monolithic whole-scene bounding box (76.33000183105469%x99.88999938964844% >= 75%x75%) with single detection
garbage 7.webp,GARBAGE,W70,0.8455,79.26000213623047%,100.0%,79.26%,DETECTED_WASTE,FLAGGED_MONOLITHIC_SUPPRESSED,Monolithic whole-scene bounding box (79.26000213623047%x100.0% >= 75%x75%) with single detection
garbage 8.webp,GARBAGE,NONE,NONE,0.0%,0.0%,0.0%,NO_DETECTION,NO_DETECTION,No waste detections produced by model
garbage 9.webp,GARBAGE,W70,0.9036,78.55000305175781%,99.56999969482422%,78.21%,DETECTED_WASTE,FLAGGED_MONOLITHIC_SUPPRESSED,Monolithic whole-scene bounding box (78.55000305175781%x99.56999969482422% >= 75%x75%) with single detection
pathole 1.webp,POTHOLE,NONE,NONE,0.0%,0.0%,0.0%,NO_DETECTION,NO_DETECTION,No waste detections produced by model
pathole 10.webp,POTHOLE,NONE,NONE,0.0%,0.0%,0.0%,NO_DETECTION,NO_DETECTION,No waste detections produced by model
pathole 11.webp,POTHOLE,W50,0.6538,79.41999816894531%,99.86000061035156%,79.31%,DETECTED_WASTE,FLAGGED_MONOLITHIC_SUPPRESSED,Monolithic whole-scene bounding box (79.41999816894531%x99.86000061035156% >= 75%x75%) with single detection
pathole 12.webp,POTHOLE,W70,0.9856,100.0%,79.91000366210938%,79.91%,DETECTED_WASTE,FLAGGED_MONOLITHIC_SUPPRESSED,Monolithic whole-scene bounding box (100.0%x79.91000366210938% >= 75%x75%) with single detection
pathole 13.webp,POTHOLE,W70,0.9815,99.79000091552734%,75.75%,75.59%,DETECTED_WASTE,FLAGGED_MONOLITHIC_SUPPRESSED,Monolithic whole-scene bounding box (99.79000091552734%x75.75% >= 75%x75%) with single detection
pathole 14.webp,POTHOLE,W50,0.9385,99.98999786376953%,79.83000183105469%,79.82%,DETECTED_WASTE,FLAGGED_MONOLITHIC_SUPPRESSED,Monolithic whole-scene bounding box (99.98999786376953%x79.83000183105469% >= 75%x75%) with single detection
pathole 15.webp,POTHOLE,W70,0.5187,78.11000061035156%,99.91000366210938%,78.04%,DETECTED_WASTE,FLAGGED_MONOLITHIC_SUPPRESSED,Monolithic whole-scene bounding box (78.11000061035156%x99.91000366210938% >= 75%x75%) with single detection
pathole 16.webp,POTHOLE,W70,0.9477,99.87000274658203%,84.5199966430664%,84.41%,DETECTED_WASTE,FLAGGED_MONOLITHIC_SUPPRESSED,Monolithic whole-scene bounding box (99.87000274658203%x84.5199966430664% >= 75%x75%) with single detection
pathole 17.webp,POTHOLE,W50,0.8873,81.33000183105469%,79.87000274658203%,64.96%,DETECTED_WASTE,FLAGGED_MONOLITHIC_SUPPRESSED,Monolithic whole-scene bounding box (81.33000183105469%x79.87000274658203% >= 75%x75%) with single detection
pathole 18.webp,POTHOLE,W70,0.9823,100.0%,79.87999725341797%,79.88%,DETECTED_WASTE,FLAGGED_MONOLITHIC_SUPPRESSED,Monolithic whole-scene bounding box (100.0%x79.87999725341797% >= 75%x75%) with single detection
pathole 19.webp,POTHOLE,W70,0.9878,79.52999877929688%,99.87999725341797%,79.43%,DETECTED_WASTE,FLAGGED_MONOLITHIC_SUPPRESSED,Monolithic whole-scene bounding box (79.52999877929688%x99.87999725341797% >= 75%x75%) with single detection
pathole 2.webp,POTHOLE,W70,0.8969,78.66999816894531%,99.95999908447266%,78.64%,DETECTED_WASTE,FLAGGED_MONOLITHIC_SUPPRESSED,Monolithic whole-scene bounding box (78.66999816894531%x99.95999908447266% >= 75%x75%) with single detection
pathole 20.webp,POTHOLE,W50,0.8628,73.01000213623047%,99.8499984741211%,72.9%,DETECTED_WASTE,ACCEPTED_DETECTION,Localized bounding box (73.01000213623047%x99.8499984741211% < 75%x75%); retained
pathole 21.webp,POTHOLE,W70,0.9481,79.47000122070312%,100.0%,79.47%,DETECTED_WASTE,FLAGGED_MONOLITHIC_SUPPRESSED,Monolithic whole-scene bounding box (79.47000122070312%x100.0% >= 75%x75%) with single detection
pathole 22.webp,POTHOLE,W70,0.959,79.55000305175781%,99.83999633789062%,79.42%,DETECTED_WASTE,FLAGGED_MONOLITHIC_SUPPRESSED,Monolithic whole-scene bounding box (79.55000305175781%x99.83999633789062% >= 75%x75%) with single detection
pathole 23.webp,POTHOLE,NONE,NONE,0.0%,0.0%,0.0%,NO_DETECTION,NO_DETECTION,No waste detections produced by model
pathole 24.webp,POTHOLE,W70,0.9818,79.70999908447266%,100.0%,79.71%,DETECTED_WASTE,FLAGGED_MONOLITHIC_SUPPRESSED,Monolithic whole-scene bounding box (79.70999908447266%x100.0% >= 75%x75%) with single detection
pathole 25.webp,POTHOLE,W70,0.8953,79.37999725341797%,99.8499984741211%,79.26%,DETECTED_WASTE,FLAGGED_MONOLITHIC_SUPPRESSED,Monolithic whole-scene bounding box (79.37999725341797%x99.8499984741211% >= 75%x75%) with single detection
pathole 26.webp,POTHOLE,W70,0.996,79.37999725341797%,99.94999694824219%,79.34%,DETECTED_WASTE,FLAGGED_MONOLITHIC_SUPPRESSED,Monolithic whole-scene bounding box (79.37999725341797%x99.94999694824219% >= 75%x75%) with single detection
pathole 27.webp,POTHOLE,W70,0.5599,80.4000015258789%,99.9000015258789%,80.32%,DETECTED_WASTE,FLAGGED_MONOLITHIC_SUPPRESSED,Monolithic whole-scene bounding box (80.4000015258789%x99.9000015258789% >= 75%x75%) with single detection
pathole 28.webp,POTHOLE,W70,0.8101,81.33000183105469%,100.0%,81.33%,DETECTED_WASTE,FLAGGED_MONOLITHIC_SUPPRESSED,Monolithic whole-scene bounding box (81.33000183105469%x100.0% >= 75%x75%) with single detection
pathole 29.webp,POTHOLE,W70,0.9728,79.58000183105469%,99.9000015258789%,79.5%,DETECTED_WASTE,FLAGGED_MONOLITHIC_SUPPRESSED,Monolithic whole-scene bounding box (79.58000183105469%x99.9000015258789% >= 75%x75%) with single detection
pathole 3.webp,POTHOLE,W00,0.6032,79.38999938964844%,99.80999755859375%,79.24%,DETECTED_WASTE,FLAGGED_MONOLITHIC_SUPPRESSED,Monolithic whole-scene bounding box (79.38999938964844%x99.80999755859375% >= 75%x75%) with single detection
pathole 30.webp,POTHOLE,W70,0.9536,79.45999908447266%,99.87000274658203%,79.36%,DETECTED_WASTE,FLAGGED_MONOLITHIC_SUPPRESSED,Monolithic whole-scene bounding box (79.45999908447266%x99.87000274658203% >= 75%x75%) with single detection
pathole 4.webp,POTHOLE,W70,0.737,79.4800033569336%,99.62999725341797%,79.19%,DETECTED_WASTE,FLAGGED_MONOLITHIC_SUPPRESSED,Monolithic whole-scene bounding box (79.4800033569336%x99.62999725341797% >= 75%x75%) with single detection
pathole 5.webp,POTHOLE,W70,0.5188,79.29000091552734%,99.83999633789062%,79.16%,DETECTED_WASTE,FLAGGED_MONOLITHIC_SUPPRESSED,Monolithic whole-scene bounding box (79.29000091552734%x99.83999633789062% >= 75%x75%) with single detection
pathole 6.webp,POTHOLE,NONE,NONE,0.0%,0.0%,0.0%,NO_DETECTION,NO_DETECTION,No waste detections produced by model
pathole 7.webp,POTHOLE,W50,0.6399,79.51000213623047%,79.91000366210938%,63.54%,DETECTED_WASTE,FLAGGED_MONOLITHIC_SUPPRESSED,Monolithic whole-scene bounding box (79.51000213623047%x79.91000366210938% >= 75%x75%) with single detection
pathole 8.webp,POTHOLE,W70,0.8601,79.45999908447266%,100.0%,79.46%,DETECTED_WASTE,FLAGGED_MONOLITHIC_SUPPRESSED,Monolithic whole-scene bounding box (79.45999908447266%x100.0% >= 75%x75%) with single detection
pathole 9.webp,POTHOLE,W50,0.5741,81.23999786376953%,99.48999786376953%,80.83%,DETECTED_WASTE,FLAGGED_MONOLITHIC_SUPPRESSED,Monolithic whole-scene bounding box (81.23999786376953%x99.48999786376953% >= 75%x75%) with single detection
road without pothole.webp,POTHOLE,NONE,NONE,0.0%,0.0%,0.0%,NO_DETECTION,NO_DETECTION,No waste detections produced by model
water filled patholes.jpg,POTHOLE,W50,0.881,81.30000305175781%,99.26000213623047%,80.7%,DETECTED_WASTE,FLAGGED_MONOLITHIC_SUPPRESSED,Monolithic whole-scene bounding box (81.30000305175781%x99.26000213623047% >= 75%x75%) with single detection
