filename,source_folder,category,image_resolution,candidate_flood_prediction,water_coverage_percentage,water_category,substantial_water_coverage,mean_water_prob,max_water_prob,logit_diff,water_pixels,total_pixels,inference_latency_ms
flood 1.jpg,Flood,FLOOD,250x175,SIGNIFICANT_WATER_DETECTED,91.55,SIGNIFICANT WATER,True,0.5317,0.6482,0.1273,15000,16384,164.0
flood 10.webp,Flood,FLOOD,192x234,SIGNIFICANT_WATER_DETECTED,87.49,SIGNIFICANT WATER,True,0.5304,0.6216,0.122,14335,16384,242.36
flood 11.webp,Flood,FLOOD,392x261,SIGNIFICANT_WATER_DETECTED,92.55,SIGNIFICANT WATER,True,0.5337,0.6348,0.1351,15164,16384,147.13
flood 12.webp,Flood,FLOOD,417x234,SIGNIFICANT_WATER_DETECTED,88.7,SIGNIFICANT WATER,True,0.5295,0.7081,0.1186,14532,16384,140.78
flood 13.webp,Flood,FLOOD,344x234,SIGNIFICANT_WATER_DETECTED,69.4,SIGNIFICANT WATER,True,0.512,0.5985,0.048,11370,16384,142.02
flood 2,Flood,FLOOD,365x237,SIGNIFICANT_WATER_DETECTED,95.73,SIGNIFICANT WATER,True,0.5485,0.6748,0.1955,15684,16384,205.05
flood 3.webp,Flood,FLOOD,408x234,SIGNIFICANT_WATER_DETECTED,93.86,SIGNIFICANT WATER,True,0.5394,0.6472,0.1586,15378,16384,202.72
flood 4.webp,Flood,FLOOD,403x234,SIGNIFICANT_WATER_DETECTED,88.48,SIGNIFICANT WATER,True,0.5313,0.6383,0.1257,14497,16384,141.08
flood 5.webp,Flood,FLOOD,308x234,SIGNIFICANT_WATER_DETECTED,97.34,SIGNIFICANT WATER,True,0.5555,0.7089,0.2239,15948,16384,167.79
flood 6.webp,Flood,FLOOD,432x243,SIGNIFICANT_WATER_DETECTED,81.58,SIGNIFICANT WATER,True,0.5272,0.6528,0.1091,13366,16384,160.52
flood 7.webp,Flood,FLOOD,351x234,SIGNIFICANT_WATER_DETECTED,90.34,SIGNIFICANT WATER,True,0.5478,0.6989,0.1924,14801,16384,145.52
flood 8.webp,Flood,FLOOD,345x245,SIGNIFICANT_WATER_DETECTED,89.14,SIGNIFICANT WATER,True,0.5281,0.6673,0.113,14604,16384,144.19
flood 9.webp,Flood,FLOOD,427x240,SIGNIFICANT_WATER_DETECTED,93.11,SIGNIFICANT WATER,True,0.5426,0.6606,0.1715,15255,16384,224.75
flood.jpg,Flood,FLOOD,193x135,SIGNIFICANT_WATER_DETECTED,96.52,SIGNIFICANT WATER,True,0.537,0.6505,0.1485,15814,16384,170.03
pathole 1.webp,Pathole,POTHOLE,340x256,SIGNIFICANT_WATER_DETECTED,93.93,SIGNIFICANT WATER,True,0.5254,0.6192,0.1017,15389,16384,305.91
pathole 10.webp,Pathole,POTHOLE,371x234,SIGNIFICANT_WATER_DETECTED,95.17,SIGNIFICANT WATER,True,0.5321,0.6117,0.1285,15592,16384,183.6
pathole 11.webp,Pathole,POTHOLE,391x234,SIGNIFICANT_WATER_DETECTED,92.96,SIGNIFICANT WATER,True,0.5393,0.6647,0.158,15231,16384,242.35
pathole 2.webp,Pathole,POTHOLE,297x234,SIGNIFICANT_WATER_DETECTED,100.0,SIGNIFICANT WATER,True,0.5431,0.5819,0.1729,16384,16384,210.18
pathole 3.webp,Pathole,POTHOLE,370x247,SIGNIFICANT_WATER_DETECTED,81.32,SIGNIFICANT WATER,True,0.5237,0.6364,0.0951,13324,16384,149.18
pathole 4.webp,Pathole,POTHOLE,361x262,SIGNIFICANT_WATER_DETECTED,98.88,SIGNIFICANT WATER,True,0.5513,0.6728,0.2067,16200,16384,140.15
pathole 5.webp,Pathole,POTHOLE,419x235,SIGNIFICANT_WATER_DETECTED,94.37,SIGNIFICANT WATER,True,0.5368,0.6631,0.1477,15462,16384,150.73
pathole 6.webp,Pathole,POTHOLE,334x250,SIGNIFICANT_WATER_DETECTED,90.53,SIGNIFICANT WATER,True,0.5381,0.688,0.1535,14832,16384,155.1
pathole 7.webp,Pathole,POTHOLE,232x234,SIGNIFICANT_WATER_DETECTED,93.4,SIGNIFICANT WATER,True,0.5257,0.582,0.103,15302,16384,160.36
pathole 8.webp,Pathole,POTHOLE,396x234,SIGNIFICANT_WATER_DETECTED,94.46,SIGNIFICANT WATER,True,0.5322,0.5912,0.1293,15476,16384,178.2
pathole 9.webp,Pathole,POTHOLE,319x234,SIGNIFICANT_WATER_DETECTED,87.08,SIGNIFICANT WATER,True,0.5239,0.622,0.0959,14268,16384,186.36
road without pothole.webp,Pathole,POTHOLE,353x226,SIGNIFICANT_WATER_DETECTED,91.56,SIGNIFICANT WATER,True,0.5346,0.6899,0.139,15001,16384,147.79
Unconfirmed 541292.crdownload,Garbage,GARBAGE,630x353,SIGNIFICANT_WATER_DETECTED,84.3,SIGNIFICANT WATER,True,0.5241,0.609,0.0966,13812,16384,163.41
garbage 1.webp,Garbage,GARBAGE,321x236,SIGNIFICANT_WATER_DETECTED,86.19,SIGNIFICANT WATER,True,0.5282,0.6364,0.1134,14121,16384,174.29
garbage 10.webp (1).crdownload,Garbage,GARBAGE,399x214,SIGNIFICANT_WATER_DETECTED,88.63,SIGNIFICANT WATER,True,0.5262,0.6526,0.1054,14521,16384,174.98
garbage 10.webp.crdownload,Garbage,GARBAGE,354x234,SIGNIFICANT_WATER_DETECTED,91.13,SIGNIFICANT WATER,True,0.5298,0.7206,0.1198,14931,16384,200.93
garbage 2.webp,Garbage,GARBAGE,393x234,SIGNIFICANT_WATER_DETECTED,93.25,SIGNIFICANT WATER,True,0.5336,0.6616,0.1347,15278,16384,206.17
garbage 3.webp,Garbage,GARBAGE,431x234,SIGNIFICANT_WATER_DETECTED,95.23,SIGNIFICANT WATER,True,0.5442,0.6907,0.1779,15603,16384,208.49
garbage 4.webp,Garbage,GARBAGE,357x257,SIGNIFICANT_WATER_DETECTED,93.54,SIGNIFICANT WATER,True,0.5418,0.6791,0.1681,15326,16384,218.49
garbage 5.webp,Garbage,GARBAGE,344x234,SIGNIFICANT_WATER_DETECTED,86.86,SIGNIFICANT WATER,True,0.5295,0.6711,0.1186,14231,16384,217.54
garbage 6.webp,Garbage,GARBAGE,354x236,SIGNIFICANT_WATER_DETECTED,85.27,SIGNIFICANT WATER,True,0.5264,0.6364,0.106,13970,16384,209.35
garbage 7.webp,Garbage,GARBAGE,391x260,SIGNIFICANT_WATER_DETECTED,91.5,SIGNIFICANT WATER,True,0.5359,0.6376,0.144,14991,16384,152.71
garbage 8.webp,Garbage,GARBAGE,358x234,SIGNIFICANT_WATER_DETECTED,86.08,SIGNIFICANT WATER,True,0.5256,0.6543,0.1028,14103,16384,170.83
garbage 9.webp,Garbage,GARBAGE,332x244,SIGNIFICANT_WATER_DETECTED,83.03,SIGNIFICANT WATER,True,0.5254,0.7889,0.1027,13604,16384,169.24
