filename,source_folder,category,image_resolution,candidate_flood_prediction,water_coverage_percentage,water_category,substantial_water_coverage,mean_water_prob,max_water_prob,water_pixels,total_pixels,latency_ms,inference_status
flood 1.jpg,Flood,FLOOD,250x175,SIGNIFICANT_FLOOD_DETECTED,49.59,SIGNIFICANT WATER,True,0.4959,1.0,85819,173056,117.14,SUCCESS
flood 10.webp,Flood,FLOOD,192x234,SIGNIFICANT_FLOOD_DETECTED,66.42,SIGNIFICANT WATER,True,0.6641,1.0,114940,173056,116.28,SUCCESS
flood 11.webp,Flood,FLOOD,392x261,SIGNIFICANT_FLOOD_DETECTED,43.28,SIGNIFICANT WATER,True,0.4328,1.0,74900,173056,119.89,SUCCESS
flood 12.webp,Flood,FLOOD,417x234,SIGNIFICANT_FLOOD_DETECTED,59.25,SIGNIFICANT WATER,True,0.5925,1.0,102543,173056,118.47,SUCCESS
flood 13.webp,Flood,FLOOD,344x234,FLOOD_WATER_DETECTED,7.39,POSSIBLE WATER / AMBIGUOUS,False,0.0738,1.0,12781,173056,130.51,SUCCESS
flood 2,Flood,FLOOD,365x237,SIGNIFICANT_FLOOD_DETECTED,53.03,SIGNIFICANT WATER,True,0.5302,1.0,91773,173056,167.38,SUCCESS
flood 3.webp,Flood,FLOOD,408x234,SIGNIFICANT_FLOOD_DETECTED,62.74,SIGNIFICANT WATER,True,0.6273,1.0,108571,173056,109.79,SUCCESS
flood 4.webp,Flood,FLOOD,403x234,FLOOD_WATER_DETECTED,5.89,POSSIBLE WATER / AMBIGUOUS,False,0.0588,1.0,10197,173056,121.74,SUCCESS
flood 5.webp,Flood,FLOOD,308x234,SIGNIFICANT_FLOOD_DETECTED,45.01,SIGNIFICANT WATER,True,0.45,1.0,77890,173056,111.19,SUCCESS
flood 6.webp,Flood,FLOOD,432x243,SIGNIFICANT_FLOOD_DETECTED,51.17,SIGNIFICANT WATER,True,0.5116,1.0,88545,173056,133.98,SUCCESS
flood 7.webp,Flood,FLOOD,351x234,SIGNIFICANT_FLOOD_DETECTED,46.83,SIGNIFICANT WATER,True,0.4683,1.0,81050,173056,126.42,SUCCESS
flood 8.webp,Flood,FLOOD,345x245,SIGNIFICANT_FLOOD_DETECTED,60.73,SIGNIFICANT WATER,True,0.6072,1.0,105091,173056,131.28,SUCCESS
flood 9.webp,Flood,FLOOD,427x240,SIGNIFICANT_FLOOD_DETECTED,59.07,SIGNIFICANT WATER,True,0.5906,1.0,102225,173056,120.7,SUCCESS
flood.jpg,Flood,FLOOD,193x135,SIGNIFICANT_FLOOD_DETECTED,39.49,SIGNIFICANT WATER,True,0.3948,1.0,68340,173056,180.08,SUCCESS
pathole 1.webp,Pathole,POTHOLE,340x256,SIGNIFICANT_FLOOD_DETECTED,51.08,SIGNIFICANT WATER,True,0.51,1.0,88390,173056,118.66,SUCCESS
pathole 10.webp,Pathole,POTHOLE,371x234,SIGNIFICANT_FLOOD_DETECTED,29.02,SIGNIFICANT WATER,True,0.29,1.0,50220,173056,103.65,SUCCESS
pathole 11.webp,Pathole,POTHOLE,391x234,NO_FLOOD_DETECTED,0.19,NO SIGNIFICANT WATER,False,0.0019,0.9999,335,173056,109.01,SUCCESS
pathole 2.webp,Pathole,POTHOLE,297x234,NO_FLOOD_DETECTED,0.0,NO SIGNIFICANT WATER,False,0.0,0.261,0,173056,105.64,SUCCESS
pathole 3.webp,Pathole,POTHOLE,370x247,NO_FLOOD_DETECTED,0.0,NO SIGNIFICANT WATER,False,0.0,0.0042,0,173056,116.46,SUCCESS
pathole 4.webp,Pathole,POTHOLE,361x262,SIGNIFICANT_FLOOD_DETECTED,83.22,SIGNIFICANT WATER,True,0.8319,1.0,144009,173056,109.57,SUCCESS
pathole 5.webp,Pathole,POTHOLE,419x235,FLOOD_WATER_DETECTED,18.43,POSSIBLE WATER / AMBIGUOUS,False,0.1842,1.0,31893,173056,118.88,SUCCESS
pathole 6.webp,Pathole,POTHOLE,334x250,NO_FLOOD_DETECTED,0.18,NO SIGNIFICANT WATER,False,0.0018,0.9999,312,173056,133.38,SUCCESS
pathole 7.webp,Pathole,POTHOLE,232x234,NO_FLOOD_DETECTED,1.84,NO SIGNIFICANT WATER,False,0.0184,1.0,3187,173056,145.7,SUCCESS
pathole 8.webp,Pathole,POTHOLE,396x234,SIGNIFICANT_FLOOD_DETECTED,32.34,SIGNIFICANT WATER,True,0.3232,1.0,55960,173056,112.61,SUCCESS
pathole 9.webp,Pathole,POTHOLE,319x234,NO_FLOOD_DETECTED,0.0,NO SIGNIFICANT WATER,False,0.0,0.0067,0,173056,133.88,SUCCESS
road without pothole.webp,Pathole,POTHOLE,353x226,NO_FLOOD_DETECTED,0.0,NO SIGNIFICANT WATER,False,0.0,0.0008,0,173056,109.6,SUCCESS
Unconfirmed 541292.crdownload,Garbage,GARBAGE,630x353,NO_FLOOD_DETECTED,0.0,NO SIGNIFICANT WATER,False,0.0,0.7365,1,173056,126.59,SUCCESS
garbage 1.webp,Garbage,GARBAGE,321x236,NO_FLOOD_DETECTED,0.0,NO SIGNIFICANT WATER,False,0.0,0.0083,0,173056,105.51,SUCCESS
garbage 10.webp (1).crdownload,Garbage,GARBAGE,399x214,NO_FLOOD_DETECTED,1.48,NO SIGNIFICANT WATER,False,0.0148,1.0,2553,173056,108.86,SUCCESS
garbage 10.webp.crdownload,Garbage,GARBAGE,354x234,FLOOD_WATER_DETECTED,12.86,POSSIBLE WATER / AMBIGUOUS,False,0.1285,1.0,22248,173056,146.55,SUCCESS
garbage 2.webp,Garbage,GARBAGE,393x234,NO_FLOOD_DETECTED,0.0,NO SIGNIFICANT WATER,False,0.0,0.0004,0,173056,259.53,SUCCESS
garbage 3.webp,Garbage,GARBAGE,431x234,NO_FLOOD_DETECTED,2.58,NO SIGNIFICANT WATER,False,0.0258,1.0,4462,173056,162.3,SUCCESS
garbage 4.webp,Garbage,GARBAGE,357x257,FLOOD_WATER_DETECTED,9.45,POSSIBLE WATER / AMBIGUOUS,False,0.0944,1.0,16354,173056,133.36,SUCCESS
garbage 5.webp,Garbage,GARBAGE,344x234,NO_FLOOD_DETECTED,1.95,NO SIGNIFICANT WATER,False,0.0194,1.0,3367,173056,127.22,SUCCESS
garbage 6.webp,Garbage,GARBAGE,354x236,NO_FLOOD_DETECTED,2.38,NO SIGNIFICANT WATER,False,0.0237,1.0,4116,173056,151.45,SUCCESS
garbage 7.webp,Garbage,GARBAGE,391x260,NO_FLOOD_DETECTED,0.0,NO SIGNIFICANT WATER,False,0.0,0.817,3,173056,121.9,SUCCESS
garbage 8.webp,Garbage,GARBAGE,358x234,FLOOD_WATER_DETECTED,15.5,POSSIBLE WATER / AMBIGUOUS,False,0.1548,1.0,26816,173056,116.22,SUCCESS
garbage 9.webp,Garbage,GARBAGE,332x244,NO_FLOOD_DETECTED,0.0,NO SIGNIFICANT WATER,False,0.0,0.0084,0,173056,163.68,SUCCESS
