filename,source_folder,category,image_resolution,resolution_warning,water_coverage_percentage,mean_water_prob,max_water_prob,calibrated_waterlogging_status,calibrated_severity_tier,num_connected_components,largest_component_area_pct,largest_component_ratio_pct,spatial_topology,latency_ms,model_version
flood 1.jpg,Flood,FLOOD,250x175,LOW RESOLUTION,49.59,0.4959,1.0,SIGNIFICANT WATERLOGGING,LEVEL 3,4,49.58,99.98,LARGE_CONTINUOUS_ROAD_FLOOD,117.14,V-FloodNet LinkNet-EfficientNetB4 (Candidate 2 Calibrated v1.0)
flood 10.webp,Flood,FLOOD,192x234,LOW RESOLUTION,66.42,0.6641,1.0,SIGNIFICANT WATERLOGGING,LEVEL 3,3,66.42,100.0,LARGE_CONTINUOUS_ROAD_FLOOD,116.28,V-FloodNet LinkNet-EfficientNetB4 (Candidate 2 Calibrated v1.0)
flood 11.webp,Flood,FLOOD,392x261,NORMAL,43.28,0.4328,1.0,SIGNIFICANT WATERLOGGING,LEVEL 3,6,43.26,99.94,LARGE_CONTINUOUS_ROAD_FLOOD,119.89,V-FloodNet LinkNet-EfficientNetB4 (Candidate 2 Calibrated v1.0)
flood 12.webp,Flood,FLOOD,417x234,NORMAL,59.25,0.5925,1.0,SIGNIFICANT WATERLOGGING,LEVEL 3,4,59.03,99.62,LARGE_CONTINUOUS_ROAD_FLOOD,118.47,V-FloodNet LinkNet-EfficientNetB4 (Candidate 2 Calibrated v1.0)
flood 13.webp,Flood,FLOOD,344x234,NORMAL,7.39,0.0738,1.0,POSSIBLE WATERLOGGING,LEVEL 2,7,5.55,75.14,DISPERSED_WET_PATCHES,130.51,V-FloodNet LinkNet-EfficientNetB4 (Candidate 2 Calibrated v1.0)
flood 2,Flood,FLOOD,365x237,NORMAL,53.03,0.5302,1.0,SIGNIFICANT WATERLOGGING,LEVEL 3,5,53.03,100.0,LARGE_CONTINUOUS_ROAD_FLOOD,167.38,V-FloodNet LinkNet-EfficientNetB4 (Candidate 2 Calibrated v1.0)
flood 3.webp,Flood,FLOOD,408x234,NORMAL,62.74,0.6273,1.0,SIGNIFICANT WATERLOGGING,LEVEL 3,6,62.57,99.73,LARGE_CONTINUOUS_ROAD_FLOOD,109.79,V-FloodNet LinkNet-EfficientNetB4 (Candidate 2 Calibrated v1.0)
flood 4.webp,Flood,FLOOD,403x234,NORMAL,5.89,0.0588,1.0,POSSIBLE WATERLOGGING,LEVEL 2,2,5.89,99.99,LOCALIZED_PUDDLE_OR_POTHOLE_WATER,121.74,V-FloodNet LinkNet-EfficientNetB4 (Candidate 2 Calibrated v1.0)
flood 5.webp,Flood,FLOOD,308x234,NORMAL,45.01,0.45,1.0,SIGNIFICANT WATERLOGGING,LEVEL 3,6,44.98,99.94,LARGE_CONTINUOUS_ROAD_FLOOD,111.19,V-FloodNet LinkNet-EfficientNetB4 (Candidate 2 Calibrated v1.0)
flood 6.webp,Flood,FLOOD,432x243,NORMAL,51.17,0.5116,1.0,SIGNIFICANT WATERLOGGING,LEVEL 3,6,51.15,99.97,LARGE_CONTINUOUS_ROAD_FLOOD,133.98,V-FloodNet LinkNet-EfficientNetB4 (Candidate 2 Calibrated v1.0)
flood 7.webp,Flood,FLOOD,351x234,NORMAL,46.83,0.4683,1.0,SIGNIFICANT WATERLOGGING,LEVEL 3,2,46.83,100.0,LARGE_CONTINUOUS_ROAD_FLOOD,126.42,V-FloodNet LinkNet-EfficientNetB4 (Candidate 2 Calibrated v1.0)
flood 8.webp,Flood,FLOOD,345x245,NORMAL,60.73,0.6072,1.0,SIGNIFICANT WATERLOGGING,LEVEL 3,3,60.73,100.0,LARGE_CONTINUOUS_ROAD_FLOOD,131.28,V-FloodNet LinkNet-EfficientNetB4 (Candidate 2 Calibrated v1.0)
flood 9.webp,Flood,FLOOD,427x240,NORMAL,59.07,0.5906,1.0,SIGNIFICANT WATERLOGGING,LEVEL 3,2,59.07,100.0,LARGE_CONTINUOUS_ROAD_FLOOD,120.7,V-FloodNet LinkNet-EfficientNetB4 (Candidate 2 Calibrated v1.0)
flood.jpg,Flood,FLOOD,193x135,LOW RESOLUTION,39.49,0.3948,1.0,SIGNIFICANT WATERLOGGING,LEVEL 3,3,39.49,100.0,LARGE_CONTINUOUS_ROAD_FLOOD,180.08,V-FloodNet LinkNet-EfficientNetB4 (Candidate 2 Calibrated v1.0)
pathole 1.webp,Pathole,POTHOLE,340x256,NORMAL,51.08,0.51,1.0,WATER-FILLED POTHOLE,HIGH_ROAD_HAZARD,22,50.98,99.81,LARGE_CONTINUOUS_ROAD_FLOOD,118.66,V-FloodNet LinkNet-EfficientNetB4 (Candidate 2 Calibrated v1.0)
pathole 10.webp,Pathole,POTHOLE,371x234,NORMAL,29.02,0.29,1.0,WATER-FILLED POTHOLE,HIGH_ROAD_HAZARD,6,23.17,79.83,LARGE_CONTINUOUS_ROAD_FLOOD,103.65,V-FloodNet LinkNet-EfficientNetB4 (Candidate 2 Calibrated v1.0)
pathole 11.webp,Pathole,POTHOLE,391x234,NORMAL,0.19,0.0019,0.9999,NO SIGNIFICANT WATER,LEVEL 1,1,0.19,100.0,TRACE_OR_SPECULAR_WATER,109.01,V-FloodNet LinkNet-EfficientNetB4 (Candidate 2 Calibrated v1.0)
pathole 2.webp,Pathole,POTHOLE,297x234,LOW RESOLUTION,0.0,0.0,0.261,NO SIGNIFICANT WATER,LEVEL 1,0,0.0,0.0,NO_WATER,105.64,V-FloodNet LinkNet-EfficientNetB4 (Candidate 2 Calibrated v1.0)
pathole 3.webp,Pathole,POTHOLE,370x247,NORMAL,0.0,0.0,0.0042,NO SIGNIFICANT WATER,LEVEL 1,0,0.0,0.0,NO_WATER,116.46,V-FloodNet LinkNet-EfficientNetB4 (Candidate 2 Calibrated v1.0)
pathole 4.webp,Pathole,POTHOLE,361x262,NORMAL,83.22,0.8319,1.0,WATER-FILLED POTHOLE,HIGH_ROAD_HAZARD,13,83.06,99.81,LARGE_CONTINUOUS_ROAD_FLOOD,109.57,V-FloodNet LinkNet-EfficientNetB4 (Candidate 2 Calibrated v1.0)
pathole 5.webp,Pathole,POTHOLE,419x235,NORMAL,18.43,0.1842,1.0,WATER-FILLED POTHOLE,HIGH_ROAD_HAZARD,6,18.43,99.98,DISPERSED_WET_PATCHES,118.88,V-FloodNet LinkNet-EfficientNetB4 (Candidate 2 Calibrated v1.0)
pathole 6.webp,Pathole,POTHOLE,334x250,NORMAL,0.18,0.0018,0.9999,NO SIGNIFICANT WATER,LEVEL 1,9,0.06,32.37,TRACE_OR_SPECULAR_WATER,133.38,V-FloodNet LinkNet-EfficientNetB4 (Candidate 2 Calibrated v1.0)
pathole 7.webp,Pathole,POTHOLE,232x234,LOW RESOLUTION,1.84,0.0184,1.0,NO SIGNIFICANT WATER,LEVEL 1,4,1.84,99.91,TRACE_OR_SPECULAR_WATER,145.7,V-FloodNet LinkNet-EfficientNetB4 (Candidate 2 Calibrated v1.0)
pathole 8.webp,Pathole,POTHOLE,396x234,NORMAL,32.34,0.3232,1.0,WATER-FILLED POTHOLE,HIGH_ROAD_HAZARD,14,32.03,99.05,LARGE_CONTINUOUS_ROAD_FLOOD,112.61,V-FloodNet LinkNet-EfficientNetB4 (Candidate 2 Calibrated v1.0)
pathole 9.webp,Pathole,POTHOLE,319x234,NORMAL,0.0,0.0,0.0067,NO SIGNIFICANT WATER,LEVEL 1,0,0.0,0.0,NO_WATER,133.88,V-FloodNet LinkNet-EfficientNetB4 (Candidate 2 Calibrated v1.0)
road without pothole.webp,Pathole,POTHOLE,353x226,NORMAL,0.0,0.0,0.0008,NO SIGNIFICANT WATER,LEVEL 1,0,0.0,0.0,NO_WATER,109.6,V-FloodNet LinkNet-EfficientNetB4 (Candidate 2 Calibrated v1.0)
Unconfirmed 541292.crdownload,Garbage,GARBAGE,630x353,NORMAL,0.0,0.0,0.7365,NO SIGNIFICANT WATER,LEVEL 1,1,0.0,100.0,TRACE_OR_SPECULAR_WATER,126.59,V-FloodNet LinkNet-EfficientNetB4 (Candidate 2 Calibrated v1.0)
garbage 1.webp,Garbage,GARBAGE,321x236,NORMAL,0.0,0.0,0.0083,NO SIGNIFICANT WATER,LEVEL 1,0,0.0,0.0,NO_WATER,105.51,V-FloodNet LinkNet-EfficientNetB4 (Candidate 2 Calibrated v1.0)
garbage 10.webp (1).crdownload,Garbage,GARBAGE,399x214,NORMAL,1.48,0.0148,1.0,NO SIGNIFICANT WATER,LEVEL 1,12,1.2,81.55,TRACE_OR_SPECULAR_WATER,108.86,V-FloodNet LinkNet-EfficientNetB4 (Candidate 2 Calibrated v1.0)
garbage 10.webp.crdownload,Garbage,GARBAGE,354x234,NORMAL,12.86,0.1285,1.0,POSSIBLE WATERLOGGING,LEVEL 2,9,12.13,94.36,DISPERSED_WET_PATCHES,146.55,V-FloodNet LinkNet-EfficientNetB4 (Candidate 2 Calibrated v1.0)
garbage 2.webp,Garbage,GARBAGE,393x234,NORMAL,0.0,0.0,0.0004,NO SIGNIFICANT WATER,LEVEL 1,0,0.0,0.0,NO_WATER,259.53,V-FloodNet LinkNet-EfficientNetB4 (Candidate 2 Calibrated v1.0)
garbage 3.webp,Garbage,GARBAGE,431x234,NORMAL,2.58,0.0258,1.0,NO SIGNIFICANT WATER,LEVEL 1,2,2.58,99.98,TRACE_OR_SPECULAR_WATER,162.3,V-FloodNet LinkNet-EfficientNetB4 (Candidate 2 Calibrated v1.0)
garbage 4.webp,Garbage,GARBAGE,357x257,NORMAL,9.45,0.0944,1.0,POSSIBLE WATERLOGGING,LEVEL 2,2,9.45,99.99,LOCALIZED_PUDDLE_OR_POTHOLE_WATER,133.36,V-FloodNet LinkNet-EfficientNetB4 (Candidate 2 Calibrated v1.0)
garbage 5.webp,Garbage,GARBAGE,344x234,NORMAL,1.95,0.0194,1.0,NO SIGNIFICANT WATER,LEVEL 1,17,1.43,73.27,TRACE_OR_SPECULAR_WATER,127.22,V-FloodNet LinkNet-EfficientNetB4 (Candidate 2 Calibrated v1.0)
garbage 6.webp,Garbage,GARBAGE,354x236,NORMAL,2.38,0.0237,1.0,NO SIGNIFICANT WATER,LEVEL 1,8,2.29,96.33,TRACE_OR_SPECULAR_WATER,151.45,V-FloodNet LinkNet-EfficientNetB4 (Candidate 2 Calibrated v1.0)
garbage 7.webp,Garbage,GARBAGE,391x260,NORMAL,0.0,0.0,0.817,NO SIGNIFICANT WATER,LEVEL 1,1,0.0,100.0,TRACE_OR_SPECULAR_WATER,121.9,V-FloodNet LinkNet-EfficientNetB4 (Candidate 2 Calibrated v1.0)
garbage 8.webp,Garbage,GARBAGE,358x234,NORMAL,15.5,0.1548,1.0,POSSIBLE WATERLOGGING,LEVEL 2,39,13.41,86.57,DISPERSED_WET_PATCHES,116.22,V-FloodNet LinkNet-EfficientNetB4 (Candidate 2 Calibrated v1.0)
garbage 9.webp,Garbage,GARBAGE,332x244,NORMAL,0.0,0.0,0.0084,NO SIGNIFICANT WATER,LEVEL 1,0,0.0,0.0,NO_WATER,163.68,V-FloodNet LinkNet-EfficientNetB4 (Candidate 2 Calibrated v1.0)
